customer_unique_id,order_month,orders_that_month
0000366f3b9a7992bf8c76cfdf3221e2,2018-05,1
0000b849f77a49e4a4ce2b2a4ca5be3f,2018-05,1
0000f46a3911fa3c0805444483337064,2017-03,1
0000f6ccb0745a6a4b88665a16c9f078,2017-10,1
0004aac84e0df4da2b147fca70cf8255,2017-11,1
0004bd2a26a76fe21f786e4fbd80607f,2018-04,1
00050ab1314c0e55a6ca13cf7181fecf,2018-04,1
00053a61a98854899e70ed204dd4bafe,2018-02,1
0005e1862207bf6ccc02e4228effd9a0,2017-03,1
0005ef4cd20d2893f0d9fbd94d3c0d97,2018-03,1
0006fdc98a402fceb4eb0ee528f6a8d4,2017-07,1
00082cbe03e478190aadbea78542e933,2017-11,1
00090324bbad0e9342388303bb71ba0a,2018-03,1
000949456b182f53c18b68d6babc79c1,2018-04,1
000a5ad9c4601d2bbdd9ed765d5213b3,2017-08,1
000bfa1d2f1a41876493be685390d6d3,2017-09,1
000c8bdb58a29e7115cfc257230fb21b,2017-12,1
000d460961d6dbfa3ec6c9f5805769e1,2018-01,1
000de6019bb59f34c099a907c151d855,2017-08,1
000e309254ab1fc5ba99dd469d36bdb4,2018-06,1
000ec5bff359e1c0ad76a81a45cb598f,2018-08,1
000ed48ceeb6f4bf8ad021a10a3c7b43,2018-05,1
000fbf0473c10fc1ab6f8d2d286ce20c,2018-07,1
0010a452c6d13139e50b57f19f52e04e,2017-07,1
0010fb34b966d44409382af9e8fd5b77,2018-03,1
001147e649a7b1afd577e873841632dd,2017-08,1
00115fc7123b5310cf6d3a3aa932699e,2017-01,1
0011805441c0d1b68b48002f1d005526,2017-04,1
0011857aff0e5871ce5eb429f21cdaf5,2017-06,1
0011c98589159d6149979563c504cb21,2017-08,1
0012929d977a8d7280bb277c1e5f589d,2017-10,1
0014a5a58da615f7b01a4f5e194bf5ea,2018-01,1
0015752e079902b12cd00b9b7596276b,2018-08,1
00172711b30d52eea8b313a7f2cced02,2018-07,1
00191a9719ef48ebb5860b130347bf33,2017-04,1
001926cef41060fae572e2e7b30bd2a4,2017-08,1
001928b561575b2821c92254a2327d06,2018-08,1
00196c4c9a3af7dd2ad10eade69c926f,2018-07,1
00196fdb2bf9edfc35e88ebfbcf8d781,2018-02,1
0019da6aa6bcb27cc32f1249bd12da05,2018-02,1
0019e8c501c85848ac0966d45226fa1d,2018-05,1
001a2bf0e46c684031af91fb2bce149d,2017-06,1
001a34eb30ecb8e3aacb07c475ca4dd1,2018-07,1
001a3a8e11d76c9a366c31a4aa2cc529,2018-05,1
001ae5a1788703d64536c30362503e49,2017-12,1
001deb796b28a3a128d6113857569aa4,2018-06,1
001f3c4211216384d5fe59b041ce1461,2017-03,1
002043098f10ba39a4600b6c52fbfe3c,2017-03,1
002311514717ca8b65b09a26cdf7b91a,2018-06,1
0023557a94bef0038066b5d1b3dc763e,2018-03,1
002471155ecd08d208d1376720e2a907,2018-08,1
00256bf7b05c08f6a5849df3d0a64f1f,2018-06,1
0025795df7a7d077c4c90162fa820085,2018-07,1
0027324a96d26a2bc7d69262f83c8403,2018-03,1
0028a7d8db7b0247652509358ad8d755,2017-12,1
0028cfeb9dfcd3628a56d5b6400deef5,2018-01,1
00293787e2aec37a9c253b63fdfe2049,2017-10,1
002aba8c1af80acacef6e011f9f23262,2018-02,1
002ae492472e45ad6ebeb7a625409392,2017-10,1
002b4cd83fabaffaa475f78ea5ef3e08,2017-02,1
002bdeb33da5b1b3ce8b9c822f749c82,2017-12,1
002cdf87d4c03f08f7eb4551a923affc,2017-10,1
002d3bd901608f67c3fc11eaaa842b13,2018-01,1
002d71b244beb91ca7030b15ab526446,2017-05,1
002da6dde369f6a8b4c999ed61eb5a87,2018-04,1
002eb8b96288f3804e21d2777ac29895,2017-07,1
002ed12115742033f015cb3c269ccf68,2018-01,1
002ef00822613c94613e60e03b169fef,2018-02,1
002feefec5af0a3b26ee7839c66d205e,2017-10,1
003035f5ec76f2220098377482de93c9,2017-08,1
003162bf0351f47a1a247992b8b9b42d,2018-07,1
00324c9f4d710e7bac5c5ba679714430,2017-06,1
0032c76b20340da25249092a268ce66c,2016-10,1
0032ca69771a7758ce643258bb9e4ac7,2018-07,1
0033f4a2887e07e25aa1204d482f41ba,2018-06,1
00344274804f3b8003de1b0562ae01df,2018-07,1
0034c76b7e6a17d738375b99afc2f01e,2018-05,1
0035029989e6fc5cf030918a5f9f2037,2018-05,1
003650b504826ea534e02eba0ab58dd5,2018-01,1
0036a074f98b80c4f1fc33dbbcf9c552,2017-05,1
0036b4a3d09ad551a5188c2e374da402,2017-08,1
0036d365b138cc0ee06bed755bcb5044,2018-01,1
00370dfde3d012c420d29657afc2fc8b,2018-01,1
00377a18050b898b93e2c774be9947db,2017-11,1
0037aa56b017c105c3a9d47af71fff98,2018-01,1
0037d2bbb9ebc39d9114aea27ee16d72,2017-03,1
0037eb1ff742ee2e71ba887f65f3c6f3,2017-07,1
003800162424b7b5b3d75c9cf22a66e7,2018-04,1
00391594070baf8603f5fdc1d0c6a48c,2018-08,1
003a5571a07dcf09bf117d13d2980ba3,2018-07,1
003a7a8eb096ed3cbf713d2def1ca701,2018-08,1
003ac9408252444b489b1bfc013f5f8c,2018-03,1
003ae409f37c3c30cb1c974af3a42692,2018-08,1
003c2067070f5b3d923235b1ea1cc17b,2018-08,1
003c457932a554e4df13834237b1ed00,2018-01,1
003d56767e53e08671de00da3fba8d40,2017-12,1
003db7adfcdc49857b095a50191b6c9d,2018-05,1
003e28cb6fab8a0901bff9229612375f,2017-03,1
003e2af81ea3c72fbdd093f07724a4de,2018-04,1
003f4901fdb60ae9c1e2538b84c208e1,2017-11,1
003fb95e849e71e732629d94bb92762f,2018-07,1
003fee4ca17927283128c7ddc6f9311b,2018-05,1
004177f7bf62929186b32c7fdaa6157b,2017-10,1
004256f082951ec189a4962b6788c214,2018-03,1
004288347e5e88a27ded2bb23747066c,2017-07,1
004288347e5e88a27ded2bb23747066c,2018-01,1
0042dcca0ae57aaec6e808edc31a2d48,2017-12,1
0042dfa8925d6eb23e471ec350454f04,2018-07,1
0043d65f8039b4a4d43bc7b0f450ac2c,2017-04,1
00444f48f6c9b55657e49435ce3a97ca,2017-06,1
00446a03d7a34d191507c9e42870d0a5,2017-03,1
004493e0b0a37317d25665d340c0677d,2018-06,1
0045e9ad4d6c85d2323a7ab374b76183,2018-06,1
0046311f458d8041b00063cb99482903,2017-08,1
0047f3e16441284d757a8963344f6c59,2017-08,1
0048706e497cfba0b689e1e3497bc99e,2018-08,1
0048a779a98a7848514096ff04046079,2018-08,1
0049a16516d38fc2246696172a257f16,2017-12,1
0049dadc30da6a277c1e9d371df5a66f,2017-06,1
0049db44bfd6cee26ac9c649329ff6ea,2017-03,1
0049ec2d7a5818d0e4b3f4735cec2458,2018-07,1
004a432489f6630c6dfd3fc4454603f5,2017-12,1
004b45ec5c64187465168251cd1c9c2f,2018-05,1
004b9b1634b7becda8eec4e96bced882,2018-08,1
004d17fa2cb102a7c4817f040c884e59,2018-02,1
004df63539fd5e38d4b0a0506de7549c,2018-07,1
004ed862ea4e55f18868d3d782d10879,2017-08,1
004f84d065096f3cedd26cf0adc80b9d,2018-04,1
00504b68faa074d0f40adcb4f7727f71,2018-08,1
0050dcff37f8b9ff611d245e30572b46,2018-05,1
00522457bba00bba576a34fd9b4808fd,2017-04,1
005226be8d5b972d0f72b4e8a79f322b,2018-04,1
00539155ce68fbe677934aebdb17e09b,2018-04,1
00543330561a9088f8b3879114a7b008,2017-11,1
0055b522bc89cbfbf376d8b59a628470,2017-03,1
0055bbb9c95f6acb8db89d1f6c316407,2018-02,1
0056c2dd794a5eede6164dcae635875a,2018-08,1
0056f26cb8f20916c3baa0e39fc30709,2018-03,1
005754cb59f8ee5cdbb5cda9d138757e,2018-07,1
00575b2023dedcc0f3e81a938834689b,2017-11,1
0057f64bff87f4698b4cbd338d62a2a8,2018-08,1
0058e7db269cc11558913b42beb115d0,2018-05,1
0058f300f57d7b93c477a131a59b36c3,2018-03,1
0059acd36094bf670ec8b21be6c0044c,2017-06,1
005d8faa4cf789cf52fb880a8569880a,2018-05,1
005e32bc930906dc6b65fb9d11cce3e2,2017-09,1
005ee3e015ec18092d7782e507cf68fe,2017-10,1
005f060d4223956c62b64e9567a36f0f,2018-05,1
005f4b46e70bbd3295a38e2fd28d6566,2017-11,1
005f6fa02633470267dcd1e3ecd0fa79,2018-07,1
005ff4ebe100db3eebbe6f7b19a8f99a,2017-09,1
006031108b00e5f73b2426a50b50f9c0,2017-09,1
00605a8897ed9ad73b5c93bebad2541a,2018-03,1
00626f29f9b57d3ef7c1739ff03e944e,2018-04,1
0062adafa3846d9f372d8f1bde591b24,2018-02,1
0063817060d662048ed08bccecaf45d5,2018-01,1
0064a1b5f5cddd047c987b988a90c8c1,2018-03,1
0064c96f536ac6250275482221834154,2018-06,1
00651d97d964127ccfc0e2e55464876d,2018-02,1
0065f6fb341f013a95a8e11cdc98d07a,2017-10,1
0065f7795a38381973a373c8b4939679,2018-07,1
0066b328e72fd82fd7420bf849c0e8b4,2017-09,1
0067d2652c12515146721538868bbd80,2018-06,1
0068bd2e9e76c018846dbc6e2bec5ac5,2018-06,1
006a8c1784d622ebe06bab57e72ee045,2017-11,1
006ab6f5e82340e927757563a9fbe7e4,2017-12,1
006b297ed73773b17d8874a2eb4466e8,2018-04,1
006bbb235068a01d2e3e47fa09ccf53c,2018-02,1
006c10bfead12ac8d90486fb4ce4e603,2018-06,1
006d763076d74d16d66e828e79ec1544,2017-08,1
006e937bd5a5e32043018a6d1521b5d5,2017-12,1
006ec5b170182812131c7d9b219c036f,2017-10,1
006f2f20cf0cd723624b99d0e8e40d0c,2018-02,1
00704e915ae0d4a236eace0267454cf9,2017-07,1
00705dcbc0b9cad67abd658612770905,2018-08,1
00720f160ff500d3605a1bf403eb62d9,2018-05,1
00728bae3dec9c16b2193ab7e3195eb7,2018-01,1
00737247e3dc1942da2c527ef3bd2709,2018-03,1
0074a1d3f1995ff0538dc7197500973c,2018-05,1
00762eafc5dac5fc1574f91e9b7c9b67,2018-02,1
007658319c060f337577e8a1834d5df5,2018-07,1
00765d375af0e700f61c57db00a8ee63,2017-08,1
0076a71311bb2386a353f5ba87d2aa29,2017-07,1
00776f3807b128beca64cd0b27138d92,2017-09,1
0077ba3f829303a1dce98552495c91a1,2018-06,1
0077dc76aaf02323f03bce9b00878253,2018-03,1
0078108af1d2dc4b1601c744ca581b4f,2018-05,1
0078bb0f0d23e922d08437b7d0e13907,2017-12,1
007953b3182d5ccc9189a694f5c68163,2017-04,1
00797f371bc0f6adb4d267be541a92da,2018-04,1
0079b50e9f77c1148b472818f92eaebc,2017-11,1
0079b7407a428543a7f178cc09164035,2017-11,1
007a2fab7046647dad04fe7d08c57820,2018-02,1
007ad549acb91673f04eac22c0568114,2017-09,1
007b8307b6448f0425ff2001f00c1bdb,2018-05,1
007ba48697b079e78f168b051462dd1b,2018-06,1
007d9f716ead2bc8712255271a38f609,2018-01,1
007e21b7a007c8f8dadfa43c9d5a91db,2018-03,1
0083e758383b3deb6c6dac1b0b431ac0,2018-01,1
00842c7d0cedb9e1edad8e9b7d148f09,2017-04,1
0085139b503668b3addcfe826d91be8d,2018-01,1
0085d749fc64f766ece1729464f8039a,2018-03,1
008778a1591d49f6b2464dffaa4fa662,2017-07,1
0087c31081ea8d160baa06bf4ad4d76f,2018-06,1
0087eede471173af78d789df249c3a45,2017-02,1
008b06aba4b5f5b5b94f525ccf520624,2018-08,1
008b82b072c6b564fcce49a325f84097,2018-03,1
008ca52811784a181c8c88e8d66b49db,2018-08,1
008d17333e414049279c7822dfd5f019,2017-08,1
008ea5bdd1a99fb584cce7739349da75,2018-04,1
008f3d5f45a11059239a5c452cd00006,2017-01,1
008fb2ecc75561d202dd4db2e0ceec25,2017-05,1
009000746b4fc73fe77ecc396fdb78d2,2017-11,1
009062f98089a091615b5c9faa13de26,2017-09,1
009210a1646725341917560a13f7799f,2017-08,1
009231b0ef6a6b4f5a5fe46938827b83,2018-02,1
009301957bc7714394865c44650d8060,2017-06,1
0093aeb87eca387dd153f965aa10c060,2017-11,1
0093c499f4f9c0e169ead490aa62ce3e,2017-06,1
0093dbe7f479386a92095026decf825d,2017-11,1
00941614a654458b888b8780815bd26c,2017-03,1
00950dbc783342e164c24e09023ebcb7,2018-07,1
009671b5dc80cdf32aeb5850868ba81c,2017-06,1
0096c18412349537abc45e350581cbbc,2017-03,1
0096c9cb600a08e601f7c2be6734531a,2017-07,1
0096f8cd903cc205efab77d5ae6bb6f1,2018-02,1
00970787f181925ba33bd32b3817f742,2017-09,1
0097c1e3f3c2fed7a7d8cf30be1a33df,2017-11,1
0097fca0db567f5ca79509b7b4fc1c2d,2018-04,1
00986cafefb6e670cceca01694bda599,2017-12,1
0098853a28531d48988a2fb02b30840e,2018-06,1
009890d2f2b15df1267ed7f90f45fc4e,2018-04,1
0098f4847541cc7d676f9a5efc64c0f0,2017-04,1
009a3ad0cbdfc7f5481488472f72e8b1,2018-04,1
009dd7b313c04f4ccd9d4e423bc04ba7,2018-04,1
009e70fcdd4ea3769c73210414e73c64,2017-06,1
009f647a455451d6c325bef96685e1c1,2018-04,1
00a02d822b18db532e50e0607e615f3b,2018-08,1
00a089b8c7ab1e3808c3ad7de7a254dd,2018-06,1
00a1c6913daeda0b7f9b79f802805fdb,2017-12,1
00a1d0d7d91c17c634d6896ce10ce1c6,2018-07,1
00a1e8f160b36ccdcbca310933f12a3b,2017-11,1
00a218ea82c458456098caa1c4a7e796,2017-03,1
00a33236962b4ac37fd25275be9c206b,2018-08,1
00a39521eb40f7012db50455bf083460,2018-05,1
00a39521eb40f7012db50455bf083460,2018-06,1
00a3a868d6047bac2888d27b16743ba0,2018-02,1
00a6ee75a90222405df9d8d59babc513,2017-07,1
00a78b45ea275348c1a8081bef9ab61b,2017-12,1
00a7d14cb10e11b7f7d65120a7e3942f,2017-04,1
00a9fd000ff87bb48b989df819c418f5,2018-03,1
00aafcd186fbd5da867f9b8df04518aa,2018-02,1
00ab80210f1875276065f3c1911a2110,2018-04,1
00ab8b4d83051d5a41842abe7ff473fc,2017-12,1
00aba8ca6b7a455bcde671692a3f9e51,2017-11,1
00ac9cd5c4ad19e16e7c6f6864711737,2017-04,1
00ad4e6c01a3039fa1b45eaadb4222e4,2018-06,1
00ad5165112e0e9a91a23b1132716584,2017-03,1
00adeda9b742746c0c66e10d00ea1b74,2017-11,1
00ae50eb5e1d2514f694dee1dcbbd5ae,2018-05,1
00ae9ea276a5a4335382c9391059ddf2,2017-09,1
00af5c2c9fd47849143be82aea5ab2cf,2018-01,1
00b0595d2b0f0b838edb7fbc749ea644,2017-07,1
00b0d21952ae29dfe79db614512a27c2,2017-12,1
00b1066a65657ee1759544f6b61a4e2c,2018-05,1
00b1b0f856eb804d554ceab3d8f1dc35,2018-01,1
00b1d2492b4127598629f19a22a32be8,2017-11,1
00b21d737fc7f475c145ca292832385d,2018-02,1
00b246520d4904724f9b20188a2ff39b,2018-06,1
00b2ca23369b68c4d4105ecea9c0cb93,2018-08,1
00b2ee6366438f46105832fd9acaf56f,2018-04,1
00b309d0151d92709de70e43d662711b,2017-10,1
00b5ba65365dad1d25811bf5e45fc983,2017-11,1
00b72937dcd829c0d8ca72ec77cd073c,2017-06,1
00b742e2f6d8fa571cd560007081d53b,2018-06,1
00b8076004092a29c2c934570c356fc7,2018-03,1
00b9746bf8ac2964942d8b969f015196,2018-08,1
00ba737b18a7996f68cb8a99556bedd4,2017-07,1
00bab5c446ba511117719c775a3f78e8,2018-01,1
00bbfe2f540d0cfccbb098d92c503eca,2017-10,1
00bc6cf36e50f21a8478d86721c07aa5,2018-03,1
00bcc55fd3eb23fc001365c5f0c3c3ba,2018-02,1
00bd169997f142571c113645554663d6,2017-11,1
00bd194837f2ad36d45985a6205df78a,2018-04,1
00bd903b65b4c9a1c822887d0b012592,2018-05,1
00be1845d956d40218db17093f667764,2017-11,1
00bee19e1199bc5cede1c674177b9e22,2017-11,1
00bfe974afd63b30ed282dc69892fb98,2017-12,1
00c003ed13c76042b78d53fbc26930d0,2017-03,1
00c04df1c94e385d57d4a33a2965217c,2018-03,1
00c05fe9d2f8b245f1f86fe559175f24,2018-06,1
00c07da5ba0e07b4f248a3a373b07476,2018-07,1
00c0bbc49a530c07c110d269211da046,2017-11,1
00c19498681c665889d1212be870e8df,2017-11,1
00c1d73d161e74cfbe78975c1a2ba2ff,2018-04,1
00c26c3dd77bb25a0423a2280886b86a,2018-03,1
00c31de6420048cb3f668c99153debf7,2017-10,1
00c3624c55261d9ce593f30e3815a880,2017-03,1
00c3c74b09b2022ac2c0f43bb09797b4,2017-12,1
00c4592dfbfe06775ab582d7a2b8dddf,2017-11,1
00c4d93157cffc73cb2459f52b89cee4,2017-10,1
00c5610e0f4b339cd3b0cc499937db8d,2018-07,1
00c605c0bfa39610b994c18f822a6d5a,2018-04,1
00c8c7f0cafacc30bfda2a9a7445ec80,2018-07,1
00c916ff33b521444787ac76ac6b029d,2017-12,1
00cac13832bd0a8b6f50f6a36b053223,2018-06,1
00cc0061269a99836cf8b029b1d0177d,2018-07,1
00cc12a6d8b578b8ebd21ea4e2ae8b27,2017-03,2
00cc2d4fcb3a1864b4f900741915aa85,2017-12,1
00cc7c54469f4177319d6bb12e883652,2017-04,1
00cc8551c0621bc65a440e836bb652d7,2017-03,1
00cd1ffd1a85ec2af3de73a3d341339d,2018-05,1
00cd767526517f8a4fc27db6cc5a52fa,2017-06,1
00cdb0d59698da325d0e6830120363bf,2018-04,1
00cf2f12497614285e5dbfb77d6dd312,2018-04,1
00d012266be1430eec790d0f405a836c,2018-04,1
00d03b5e33f8987549c5590313a4ef21,2017-06,1
00d079bd851bf5d13879d7a2a3b5ec48,2018-01,1
00d1e5d82377766dac9f8dc4d4eaf4a8,2018-04,1
00d447911e5d5ae87480df8734b915f2,2018-08,1
00d474cea9ceb88b7175d564b081dfa3,2017-06,1
00d4ef3e086e2191c3fb6e7b0d2a1c75,2018-06,1
00d76f8bb8df7e07711da4076c52ffe0,2018-07,1
00d7812c158831a996a6b3f4698643b5,2018-08,1
00d7e54ab8c5d9916f19209dbaacbb3d,2017-07,1
00d8411c0f5ee4e0a9b8900ea483680e,2017-12,1
00d85302f43fe8848153e3720c34ac01,2018-01,1
00d890d6e36244f39e22a9fb95e68756,2018-02,1
00d8a60ad2500432d9edd109cfddfd9e,2018-05,1
00d8ba74be3eee415fe4508fdd325ee5,2018-01,1
00d96f54b90a6ffbe7361bcfdb85b0ba,2018-02,1
00da34ebf22b87f6c2f53dc069f237df,2018-05,1
00db0070b3c3bd0215072323c8499407,2018-04,1
00db525fd8d4023dc446f0ed2519139f,2017-07,1
00dba3af1366ca8114a40bc83021f5e9,2017-12,1
00dd4390a8e8ad7a126e8331decc49ce,2017-05,1
00df047af693b421c167e27932bfd6c5,2018-07,1
00df9d2e50424d103ca8796e4dc7c207,2017-08,1
00dfebc9135c7228dbb2239afc214bb5,2017-11,1
00e04d8e3aaa5ffab327612642ab4564,2017-12,1
00e10a3ff1e104902141546420f5a18b,2018-07,1
00e130c15fdc51673742f622aa7eb63c,2018-07,1
00e151934c812526b4ed6174c8b7b1f7,2018-01,1
00e20792154788aa00f53fbd616a8d91,2018-04,1
00e2972a013072289c3e86cfc2b9e38d,2017-09,1
00e336519abc0012c8711db2132467ac,2018-04,1
00e57919b893c89f4d9eee8d06c41f6f,2017-11,1
00e5dfd6ee7406a69b74c72795e6f354,2017-12,1
00e5ea6932dffb682bd3d5760e84d176,2017-09,1
00e5fd621e63c426ef718e2174ebedc5,2018-03,1
00e67cd18afc92ef0196eb8cdf31fde0,2017-11,1
00e6c1a9e0ea3dbda699b60023a194ac,2018-02,1
00e707efa5ad9f0e6bcaeeb87910693b,2017-04,1
00e8cbf31206edcf22b7b118daa13983,2018-01,1
00e8de2edf1a4ac05a65e36b4682cd9e,2018-03,1
00e91970e7fa706ece5b58bdb6344224,2018-02,1
00e984e99fdfd52943156d2d7eb4a5e6,2018-08,1
00eba9372ced7769c4b9f234923d73cc,2017-11,1
00ec23a308504080697e5204d3dbcb2c,2017-11,1
00ec5df43edcae768361caa707fded3e,2017-12,1
00ec6ce865af3a65e9cca32b180e5d20,2018-03,1
00ec821ef89535a690a072e80387b40e,2018-07,1
00eca7e1c994897d0a31bf75478f4b55,2017-03,1
00ecc71175078e2cac5547a5656e9622,2017-06,1
00ee11b831faa111cd62af2f4de8da96,2018-04,1
00ee7af62ef66b1f9b49f2c2bfd70ad5,2018-07,1
00f326313b0a02392c17028f78338df0,2018-08,1
00f7a39823c05d6a0675aa6dd276bfb0,2018-08,1
00f8151e6b5d1b3710527075ef845a88,2018-01,1
00f8fcf41cceee827e699cc73950218d,2018-05,1
00face5c8f7dbb7eefd4112722f26903,2018-03,1
00fb8f6787f67bd33c7e86c9691d2b1c,2018-01,1
00fb957ae14ffd35a3211d8aa6d9cf9c,2018-05,1
00fb9cc86736fe3782dbc828a2eea4a6,2017-12,1
00fd18b088edb95d1a35457f1c0e1bfa,2018-06,1
00fd4a627a3b93cff0729f0b3554640d,2018-08,1
00ff5e862f825ac56e5fdfaa6b69dc51,2018-04,1
01007c64cbffc1eef7ee682dae0ddbfe,2018-07,1
01007ebf75cabcd9d81d1aac37b278ca,2018-04,1
01018f26fb8b8a922c025de40a85a553,2018-01,1
0101da21926315ddd81d190e0ec40440,2017-10,1
01020c5b6024bc1cf2a3228e566bafb2,2017-08,1
01027e860e6fb9591599d94a4189e2ad,2018-05,1
01029081d0cfc339576f71ab45713d10,2018-05,1
01029c2615eacab8d39f0450e6b0bef3,2017-08,1
0103751df12aea8b962cfbcd2b61104c,2017-05,1
0104a702e0f73442fe4dc3bfff6ba373,2018-04,1
0104d0840fb6bccc7618c519fbcce1a0,2018-08,1
0104d8ef04b9df2891e69bc0e2e6dca4,2017-04,1
010513009a288e24dbbc8183d5bcd4e2,2017-08,1
01051cf3719a23faec8b2307b369faeb,2017-05,1
0105c53fe2f742999dcb90ca99f4bfba,2018-01,1
0105f445969ca7b8fa2e354bec7a95bd,2017-11,1
0106cb3b85affbb1c765eef0eac01485,2017-08,1
01093ce2e3723bdb8de583346d76098c,2018-03,1
0109643e8c9bc5d8d7791439f3fa4259,2018-01,1
010a0365ab237a5e2fed9d945121b627,2018-07,1
010a81611c87c7e19c18f303e39973b2,2017-10,1
010ab6653f042ebb8e430f1718f61147,2018-04,1
010bcf93b3363ccf249034e7250266f0,2017-08,1
010d09c16c5fee11226ca7c5492892de,2017-11,1
010d3cb666c64c115a144d3e6fcbd1d8,2017-10,1
010fea34d64c9fc635cebbe583f5104a,2018-03,1
0113282a7fe79b3d8489193ccc601efb,2018-03,1
01147fb2cf81b69cdcfdc1ac4c6fae7e,2018-03,1
011509f63f565e822767bfb89c3cf9b7,2017-05,1
011575986092c30523ecb71ff10cb473,2018-02,1
011575986092c30523ecb71ff10cb473,2018-04,1
011620d7c45f4d1599c68b2f19e4b73e,2018-01,1
0116dc6ddf277eb8413a0393cca11c32,2017-09,1
0116f610fa1418cda75e0d96e1639a03,2017-07,1
011702c19fd5dec0000a8dbbb5b98809,2017-12,1
011733687890faf081be6fde9e7cc7a0,2018-06,1
011735b41c89ca1e075296f4ecb01a27,2017-11,1
011784926e81122b1abd0210b5888c22,2018-02,1
011785063c56f2c239064f603bf02a05,2018-01,1
0117fb2675e2936a2e96dee22e8c992b,2018-05,1
0117fc67656c020dddef928c878ad5e3,2018-07,1
01180926dda31d9e6f60befe084788dd,2018-02,1
011875f0176909c5cf0b14a9138bb691,2017-03,1
01196e80f5309cb251220a6a5b3f57f5,2018-04,1
011a18cf4e0e74bac46678dd843e3461,2017-10,1
011b4adcd54683b480c4d841250a987f,2017-08,1
011b4adcd54683b480c4d841250a987f,2018-02,1
011b7396d7220ca4ff52508adcb6b870,2018-01,1
011c3e6b4b11fa8a326a39e78deb6e66,2017-03,1
011d6505c026d200e75cb0b6c47da758,2017-12,1
011fd4914a2d19b2a0e50c29cea5c6a2,2017-05,1
01202da9afa875bce3de24c92b764099,2017-10,1
0121107a0cebf91b6af74f8a4ab3c4d9,2017-11,1
012216caf4f1082ba3fc02e584de9a29,2017-10,1
0122d73327d9135f8088572c7d7f5d54,2017-09,1
012452d40dafae4df401bced74cdb490,2017-06,1
012452d40dafae4df401bced74cdb490,2018-05,1
0124721bc33e0aa6772b42d4ccfd01db,2017-06,1
012510db7f0db8481f8a3708400c8db9,2017-03,1
0125200158c999d5813b11be482a48da,2018-05,1
0125fb08af5c9dd55731090aafc63ac8,2018-02,1
012714eb883337fd2631c13d2daf4466,2018-04,1
012755131a5b785b0ae3291c339a9051,2018-03,1
01290b6163d2a02514a54df49221a668,2017-09,1
0129147743b7712da1c4a55a59d0fb16,2018-02,1
0129d48dce554d95f641d01eaa88904a,2018-03,1
012a218df8995d3ec3bb221828360c86,2018-05,1
012a218df8995d3ec3bb221828360c86,2018-06,1
012ab8ee5f7d76005d838758e9a9452c,2018-08,1
012b41c1dae00a092474ca48dc764a00,2018-07,1
012b8001e47392df808a454083a74b74,2017-02,1
012ba82b3ff6ea994a4ecc6c848a4782,2018-04,1
012c61cc2c69b09c85071ccac0ccee16,2017-08,1
012da9594b65ccb990822802ba0ff2e4,2018-04,1
012e12f54f6e73b1faba89a119dab849,2017-01,1
0130a250cff3b3b0649cae3671959139,2018-02,1
0130baad44d0ccc44bc7526c1ac18c64,2018-07,1
0130be8e6677174b8184114f98c16b3c,2017-04,1
013341d7f8accddf42fc02f001ad341d,2017-08,1
0134417784b9f85470e635c063152a71,2018-04,1
0134caf89be2059cfd79af28d8bc1e7f,2018-06,1
013523c76f4749da72a9ccc4a67cb234,2017-09,1
013689381e404bf6304f57bab4b8f01d,2018-07,1
0136e40591d769adfb219f167a691487,2017-09,1
0137420de9b02a180c53e5bd64f14750,2018-02,1
01376b24e146a15f52ca8382af02fe62,2017-07,1
0137839e600d4edd0949a8ce7c171164,2017-12,1
013802b3b98584222c1280e654a655b1,2018-05,1
0138dff42973f40e8f5225472526f278,2018-04,1
0139884762afa50d78fe480646fe92b5,2017-05,1
01399b72331afe80cc0c3a982cafb177,2018-07,1
0139d2cb6ca3b630b5833d49634d328e,2017-11,1
013a435769899074c568863694560449,2018-03,1
013ae505c83f5fb1905ed23afdafd3a2,2017-10,1
013b6090dc49b5fa51196b20ec11f19c,2018-02,1
013dd47ed31ce4de00cb434b2cae5386,2018-04,1
013ef03e0f3f408dd9bf555e4edcdc0a,2018-06,1
013ef03e0f3f408dd9bf555e4edcdc0a,2018-07,1
013f3d6549189a4802a268131ef47a77,2017-10,1
013f4353d26bb05dc6652f1269458d8d,2017-11,2
01413c132b54b9b7dfadc2ee71ef78c8,2017-11,1
0143a04eabe01ceb3a9fe2dde984e2b0,2018-05,1
01440d8dea55a5d0ed27d26c41044761,2018-02,1
014410afdd8e0393ec17e9d8488449e0,2018-02,1
014593e48e9119391b9c70206fcadca8,2017-09,1
0145b1b14166b43baa374daddffca8fd,2017-09,1
0145bfdfe85402b2249c7437bd297a07,2017-10,1
0145c2c66ea8f764ed8d8015ce149af7,2018-07,1
0145fc4d376df22449756022b9ccb472,2018-05,1
01462a1d33f1b303bead3ec1ae2c4f7e,2018-07,1
014644ae002bacd78bb05521f7e9aaab,2018-03,1
01469c41b00bb21cd01d2104b8e81384,2017-02,1
01489018af4a609acb2fa2634c9ce643,2018-08,1
014ce9c0a3df00f77a6932a7b371a3bc,2018-08,1
014dc284927e986549bf255eb79eb3ab,2017-12,1
014dcb5d582d60bca6a379e45a9041da,2018-02,1
014e4042a6b3ed0b1a6cd14c7639bb84,2018-04,1
014f7e8caea3379aa3d30558424ca54f,2018-06,1
014fa2f37ee690774a7505252a28daf3,2017-03,1
015124b67936296eb7250b38c906a627,2018-03,1
01512524d623f78040531c0d8e20a772,2017-10,1
0151b5ff5b5d642815f094f303e7052a,2017-04,1
0151bcc17b8ae63a495b6c9fe6f708a1,2018-03,1
0151cf157e4682357e62be311f4823b7,2017-11,1
01525fe1e0d8e9616b2503260671d20d,2018-08,1
0152897024d0ddad70baafe17ed705f4,2018-03,1
01531f72337b960a58cdba9c94e96d1a,2017-11,1
015366a7c13024e36f1f125d8f9a9e67,2017-03,1
0153b79c47a4953a7dad6fb93ab45a02,2017-10,1
01541e2754a6e7830b2871d7191d27e2,2018-08,1
015546ec984c58044b2a1304f24193a7,2018-01,1
015557c9912277312b9073947804a7ba,2017-03,1
015557c9912277312b9073947804a7ba,2017-05,1
015613e1b7c050cd2331d34076fce1c6,2018-03,1
01561f92006fd3ba8a8a4246b7f38101,2017-10,1
0156e3456c1959644b2da32c2cee358c,2018-08,1
01575c2596c13ff2422df080a71b481b,2017-10,1
0158b70c1d28da409abddfcaa5f0801a,2017-04,1
015906d05142c9dc02e816c29c044bba,2018-01,1
01593b828c6e7c516ed078a4820ab9b2,2018-07,1
015aba8b6e516fbf6ee76c164c11987b,2018-02,1
015b72d1a4ec2bfcf75518ada117c62b,2018-07,1
015ba10edbe7988bff82867b4480c225,2017-06,1
015cd0b039aa3b36cf78f41d8f54e3d0,2018-02,1
015d45ef9d6462cf0d5f062c54f26941,2018-01,1
015dc4d69b97b8784298de6c9484797b,2017-10,1
015e470a59ee1adbb4d6586fd90e4c52,2018-02,1
015f170c7abe45372b9f0414d901e71b,2017-11,1
015fcc1fe9d3319fb41b08e986684598,2017-06,1
0161783a9f93dcefde5ea508501713b2,2017-10,1
0161ede24e46b8e50ed493e5f8b3b305,2017-12,1
016201b260065cecbb315f4de0b0dc76,2017-11,1
01626676a41ff29901f7b42bc8e09dd8,2018-03,1
016547a638c42ea1061a1400eab339d2,2018-01,1
0165dc4e0c64d7c1e17757ab8676f213,2018-05,1
0166e2f8aaec14c93d23dea2523beac5,2018-06,1
0167f525469634cccbda49491f01324c,2018-08,1
016846e2dd862cba9a2a10eff5ac244f,2017-05,1
01689985c22786e41347d5167048b25e,2018-07,1
016a461e59c71a989c278fb565441696,2017-08,1
016a528e7cb02b29de37ea55cf89b9d1,2017-12,1
016a5760b723a3a0bcb4b294d4bc6b45,2018-07,1
016ac660c79288138b5d6d3570eadc9d,2017-12,1
016c60628fc64e15fa5990e58a0b57c1,2017-07,1
016dc4411329d2b3292a0fbf1402e95e,2018-06,1
016e32e564ee03416c6f73e44a4e802a,2017-03,1
016e68615e12298a0a004a44d3b78579,2018-06,1
016feebfaba953a2456d3a063b8eb8ef,2017-02,1
0170c406cddfc9a551a3f8045379afe5,2018-02,1
01726e5d6a88d1a8dffd9578872ce54e,2018-02,1
017500c32b7353decc3a3a4d91acd0cc,2018-01,1
0176190d05dbc46f20484610a0a0e1fb,2017-04,1
01762637819e8e1cb4093ff1589b0f00,2018-01,1
01769144da2a7ea21cc6163452b5824d,2018-03,1
0177c9c4715fe173b9c26fdd95a94579,2017-11,1
0177f6975b155c814ea6273eccc58d82,2018-03,1
0178b244a5c281fb2ade54038dd4b161,2017-05,1
0178b244a5c281fb2ade54038dd4b161,2018-07,1
0178df128a2cb4f9914c8c3beb8a57f6,2017-12,1
0178fa4e501691dec0663f439950d4de,2018-02,1
01798446b9d249eb006931079a273601,2018-07,1
017adfe7897c78902d9f7d58cd855990,2017-08,1
017ae1edebbc1749a64a520e37633c3c,2018-05,1
017bddd3844cbc8c9259179f66786333,2018-01,1
017c17dd6f2e7859373a5724b863801e,2018-01,1
017c477c81dd0f10726f7828f0475c0e,2018-04,1
017c4e59e1a95482f32f65e03a46af95,2018-05,1
017c5a91ab1759799a4d68be8091b8ab,2018-04,1
017c61c786dae249f339e690764ec7e6,2017-10,1
017c7f75ca30943882f48d5fda81e2df,2017-09,1
017d9afa17ebea3b2a7c03ed6bc954be,2017-07,1
017da2695c69ee376b8b4220cf0f61ec,2018-06,1
017eb8439a0ca7dcfc228f933bd204d8,2018-02,1
017fa9ba22880652e440025a91d5a66b,2017-08,1
017fde295de136549d89d951da362287,2017-07,1
017fe3adcd1989f1ea8bac1848bd1b94,2018-05,1
0180d29fed77d26d59490f37198514a1,2018-07,1
0181f57a87c6a2f0e0fe2807f67aef0e,2017-05,1
01835b7ef446c78d0c37077894aa068d,2018-04,1
01838e7d69d87bd8ff2b6ff06789adfb,2017-01,1
0184070f27c13c909a1de7b1b059b496,2018-01,1
0185135ffdd866d3a29efa833ac0829b,2018-03,1
01858f2fad256b1689f5bdafc059f745,2018-07,1
0185fbd2271efbc59bbb96ad3e99a7b8,2018-04,1
01873d3c2fc620aa701e30d2c4181673,2018-04,1
01878328db858b71da86bdc8966ea729,2018-05,1
0187e88f4c9b2e4c92e5d47ffa0e1da9,2018-02,1
018864afd6d3af6af6e3cf1245fc5ff8,2018-05,1
01886ef98f995e4f2dd75a1d04c97397,2017-11,1
01886ef98f995e4f2dd75a1d04c97397,2018-03,1
018875156db79cf3fb697342f256c329,2017-07,1
0189137aa093295df2116467b8201d66,2017-10,1
0189334b410cf5340ba839359af8a959,2017-11,1
018974568b0b5a8c395465dee270c3a9,2017-07,1
0189955e61056a22dd6e7cb03603a149,2017-06,1
0189cca3aa2a0f75ca0cde94ee38be57,2017-06,1
018ad5828f8f66b69604caabd0aa78ca,2017-03,1
018b0a8d048e41f2d1f55e56dcbd335c,2017-07,1
018b5a7502c30eb5f230f1b4eb23a156,2017-08,1
018c9bbd7d61c91f2abf3cd77b5010ad,2018-01,1
018ca9b2c9f793a0e43e75d6a3eca86a,2018-01,1
018ccb97f791b89dc7ae72b4a114b00a,2017-12,1
018d9881368d5098100c2430b8ed8bdd,2018-02,1
018e2017f47d05d438effa6d15061c2d,2017-12,1
018e7e423aa73a3d7183d8c7c7a7c50d,2018-08,1
01922cf678f7c6d925421a273a885fbf,2018-06,1
01927626c24c5826ceb6ca6b2797fd60,2018-03,1
0192a97d19fd891f0a4453609753b886,2018-06,1
019322e670d197f31413176b865880fd,2017-06,1
01940bd0ea09e8cbbeb24452e58dcb0e,2018-07,1
019441bdb2c9b0b1990cac725c427960,2018-05,1
0195b599954bfa2cfac327dd3b35a877,2018-04,1
0195c54646cda6452f5e1a0474f3b502,2018-05,1
0196285e88e29cdf2c0afba10cddd9f0,2018-07,1
01977d0ffb59b3b64796aeec649edec8,2017-10,1
0197bf8828afdb5ef6a6f7446a52607e,2017-09,1
019890d2ead42f267a2c66919d9dedce,2018-01,1
0199358f4d397a51c763be597977ddd1,2018-07,1
0199360d5869b53eece5870f3bd1ef0e,2017-05,1
019954cc9c2ceb2084881eefdf48f0f9,2017-09,1
019ac5580a897d52e5ed6f7ed89ade27,2017-09,1
019c20bc411068e6f296cd471ac8425b,2017-11,1
019cd54cc450bdfb2de3e83dced0c511,2017-08,1
019d47513bb1164cc83fc2d6d7123ef8,2017-02,1
019e6c1c524669436535388a1cd5cefd,2017-07,1
019ea19e666644625032de5efe2ceb71,2018-05,1
019ed386aec9ff0f9eab4a590231174e,2018-07,1
019ee3ac31baf4383471c760125e2977,2018-08,1
019f29cee4d4031f59fed390d3cd0bc7,2017-07,1
019fcfdd0b0ec239cc2b536428064c47,2018-07,1
01a013f2d3d7b0fa074a09d3e6e7b611,2017-04,1
01a0f3dc3a406f7fc8593565e1a50b4f,2017-07,1
01a17507586f0f10f52e7e86ac73e1f7,2018-06,1
01a20270c305052404127be803843f2f,2017-06,1
01a22e2079ea71e17313b88e5811e54a,2018-01,2
01a2ad01e93ccfaf7eaff9bda6f2320c,2018-03,1
01a3427def071b9efaf74a817c4e023b,2017-05,1
01a379e7c61f254c6c1bfc842b4d9416,2017-10,1
01a4788c8bd6d0d6a5b16ccdfd393b74,2018-06,1
01a4fe5fc00bbdb0b0a4af5a5345cca5,2018-05,1
01a551a1f8c7955ba259897b2e3d2e30,2018-08,1
01a6d398ee25ef8ce7ace2d3620ce248,2018-03,1
01a8574d68d5a495ebe94a4790f6fe34,2017-11,1
01a8a2fa13dad647949ff57927e63b0d,2017-03,1
01aa30b6c0412a1548fc29e2c98033cf,2017-11,1
01aae089a9f716c2d948a24c5406603d,2017-11,1
01ab4b660bfe57375e0486a07bbe31eb,2018-03,1
01ac1e0b4421bb9946e56692e21226f0,2018-04,1
01ac33544e5b7d1e79f7d69a065282f3,2018-06,1
01ad914ceb44eddfbf992570e6a5ef49,2018-06,1
01ae3897d0da657af5dc0b0dab9df7dc,2018-01,1
01ae92e9e94bec47e10ef885402cfe54,2017-11,1
01af16b985b3ad90d75333691e2da6ab,2018-02,1
01b0d417af24703a0b20cbe71f354285,2017-02,1
01b0e04852a70de5404609e82e8fc0ba,2018-01,1
01b0e4e53ea06107438b0738d8d670e2,2018-01,1
01b3e064c4fc4372a269bdc02c131850,2018-08,1
01b42ac9d3801e6edf67f7a95f04a838,2018-08,1
01b466cc9a9e663eb04f4b8890dbc5f1,2017-10,1
01b51b6ca4757ff714f2a54043e5c7b4,2018-01,1
01b531d9fa14ce8894156d72f7ee8b92,2017-08,1
01b53609a2d3710857e22775bbf8ec0f,2018-05,1
01b6eceb8d393992f590cdb60a41e388,2017-10,1
01b7463b1d6850a0ddfb4a93e05d0671,2017-05,1
01b84e3fa2897be6eec7fadddb3d56f3,2017-10,1
01ba3180d3c6e7a6e269c5a542985423,2018-02,1
01bbbfc56b8ec1052e46f260226e34f9,2018-04,1
01bc72407ac3ab328e54938f599d2231,2018-06,1
01bc9765e0b1cbb83ec85d576ddc4ef6,2018-08,1
01bdeb2c0f524bb2119a8c0cd5419f5f,2017-12,1
01be09e08ce97be4356a7c93bda4ee70,2017-05,1
01bf812bfa21271c91dbd9bcb9fb055a,2018-06,1
01bf87cfe6b10b53c057c03b9e7d034f,2017-10,1
01bfd443225216fd172d2af98ae80068,2018-03,1
01c12b236caa6f6d630b985da0ab5d30,2017-08,1
01c1529c867b31e5b6c34ad4ccaab314,2018-08,1
01c15633aa5baf9c6d2685354fd82747,2017-07,1
01c19b1261325781dcf2f82c9892f80e,2018-05,1
01c1e31277120e8c6360c6448cbd4c80,2018-02,1
01c228e91a729c993c054756eaeb680c,2017-12,1
01c289bb06354cdc7e6549570f20ada4,2017-06,1
01c289bb06354cdc7e6549570f20ada4,2017-12,1
01c64acc2efd27442844ed61dd9981cc,2018-04,1
01c6812053d3159e3f8f0a3d92af3cc5,2017-11,1
01c75ebaa6fd123179cc3898fe4d24c4,2018-08,1
01c7e32e214b3b0c31b7460a08e89ec9,2018-06,1
01c849814dd6cd478f0ee6343414acb7,2018-07,1
01c92cf65b66be2fb861a163d4830f5a,2018-02,1
01ca0680cddb7f4c71e3235f08cd16a2,2018-05,1
01cad597bb1c8c79b2115a6204ab7f8c,2017-12,1
01cbe0a1a969bf0936fd97298ae18cc8,2018-05,1
01cd1ef6c24558b19ce2dab8801fabcb,2018-03,1
01cd5bbfc2ee49abdafb429522b93fce,2017-10,1
01cd6609264361aaf702ecbee2641cea,2018-04,1
01ce78f7a46aaaf7a9d1d2b86224ae38,2018-03,1
01cf4a649781b563f650ce1c18b19be6,2018-06,1
01cf555dad51551a56a1bdc9fbf2acd6,2017-05,1
01d0f02781924f788fd9d0521663fae0,2017-06,1
01d1444a9676bab441621b52773035e9,2017-11,1
01d4133dfc24adea1d8d8b7f5ee44aa4,2017-11,1
01d46b5cad3cda9c22f52df41197a671,2017-04,1
01d4d353f424ed250bf892af49d30abe,2017-10,1
01d540906498d52fa3b7f10b5ce735b2,2018-07,1
01d628fd151ab84d5063f2dc5c92a118,2018-02,1
01d78a7d654c0b1ef85977c306d0f60f,2018-03,1
01d7b0d6f8958188afa680d75dd47919,2018-06,1
01d8df79b0fe245a03928d53fc25c223,2017-08,1
01d8f02b7ae915fddc5736ecdf613cd1,2018-01,1
01da270abab6215a40467414afae12d1,2018-07,1
01daeb09de8f07882ccd4319ffbc4693,2017-11,1
01db45606d08e66e2c058ad2f08f5b34,2018-07,1
01dbf5ec2334d02e47a8167d3c2e0837,2018-05,1
01dd34b5f4cee2a48f03ba1cce8c592c,2018-08,1
01deea8faf538e657bf2b1cb6b6c24f1,2017-09,1
01dfe4b4e19154abdebe71e50f52f88d,2018-05,1
01dff584b4563da3703fa375287a3a69,2018-02,1
01e0008efc8b3804e274ff934ba017c9,2017-02,1
01e019838e4e21dd66bb6f69352334f8,2017-12,1
01e123d7c7cedf12af483fc17258b9ce,2018-06,1
01e4cddc3a56ea6684510cf09f4d0411,2018-01,1
01e4f76dbf261176b87ed09f6803c596,2018-03,1
01e66e20cc67536e6fa27878ed07ad0a,2018-01,1
01e80828765c999c3f5a7713f3912309,2017-05,1
01e8bcc3377762cf85025138b2901947,2017-04,1
01e8feee57ec1b6447fdd4fbea8093cb,2018-01,1
01ea7dfdac01a4e8fbe2902b73510b20,2018-02,1
01eb9d565f58fe2b55946b72db045556,2018-04,1
01ec28844a316ded17fa50fd28b98123,2018-03,1
01ec66cacd4c45d04f9ee2a1c25bb20b,2017-03,1
01ecc1f1f21f05d0736c99d92646f132,2017-08,1
01ecdc37f767e85f5b3fd2310a289253,2018-08,1
01ece9ffbb6a00db5549188bc410e878,2017-09,1
01ed8df97a21e2f15521f9758554b32b,2017-07,1
01eec5acca315fa22d30315944c65536,2018-03,1
01ef3ec35f556231aee2f73e8bc6f8a0,2017-10,1
01f156677184504063bd19739f924af1,2016-10,1
01f163c912209bc42fd9c0e169e8039e,2018-06,1
01f173d576ec0a01bbe13dccf0942696,2017-10,1
01f1af590b3fa6e09ee79551635926b4,2017-11,1
01f2285f85a1c603eb7ef755ad311769,2017-04,1
01f2285f85a1c603eb7ef755ad311769,2018-05,1
01f382f4c95df31e05e27f1151a015a0,2017-09,1
01f492ebceb9747c71cb86d983afb9e0,2018-02,1
01f6fa760c8cee5fef785c7a73321534,2017-11,1
01f7f7e1b4aefac99dea303f9eb5f7c4,2018-04,1
01f9585695ca0cb669ddbae22f6ede43,2018-07,1
01fdfc6e1f85ad504461c6699adb246c,2017-12,1
01fee81dfa09d00693bbb79aaf922f89,2017-05,1
01ffb8ddbd9e1167659827ed1b9b6ccf,2018-07,1
02022a08ed3a2e736777b7b71389c62c,2017-11,1
020299859eabbac628a0b2d6ea22bb9d,2018-07,1
02029b32d4185a32a888c3f2d4d8839f,2017-11,1
020311f9fc67a990f3d43b481398a259,2018-03,1
0203cdea5911c033017b1b2bb6dbeb33,2018-03,1
0204f3da94dadaf3fa21305413e02d63,2018-01,1
020504cfbef989c034f403ab0076c408,2017-11,1
02054940ff45a170ddd0acca60575eea,2018-01,1
0205ecc1296100f97f4ae03e22643b8e,2018-05,1
0206119a2f332d97fb68a9c1f592b2dc,2017-06,1
02063d3c56dc62e17f57cdd78c4962ff,2018-08,1
0206671ca1e6cea41033a21774bef222,2018-04,1
02068e4fb8a2f9434c60eb29751b0783,2018-04,1
020747bd836e23bc8e3692937ad85497,2018-06,1
0209a0a5c96cc50dd1bbe71e3730af2a,2017-05,1
0209af58dcd97d6ff5bac3f5fdfb8c0e,2018-08,1
0209cc2349a03f00567bb9d24a459829,2017-06,1
0209f290b5451d357308bc0e90521026,2018-07,1
020a1ffcfaf43c6003111eaa33faa6c9,2017-04,1
020aa2d69bca8c7a0b3da5f8e602c26d,2017-08,1
020ac38b920d61317bc3e7e2d1e3602b,2017-09,1
020ae51ab502504a00ab6ccbac53bfa6,2018-08,1
020b824fa9ea4049aed3171900d41e86,2018-04,1
020c0844de3cbc0e65fe2cd62ddbc985,2018-04,1
020de21f006326d43b15b28e073f8b4c,2018-06,1
020f91981e05247250ccaa0ba69364d6,2017-09,1
02105a58e384edb89a9827dfd3b8173b,2018-03,1
021109bdb16fa17c2463cab87da314f3,2018-01,1
0213ec5289d86c40bda69ed571b5853f,2017-12,1
0213fe7fbaa0a7e81c16350785e367e6,2018-03,1
0214a2864bcff8020dbe8c40a2e9d26a,2017-03,1
02168ea18740a0fdaaa15f11bebba5db,2017-08,1
02168ea18740a0fdaaa15f11bebba5db,2017-10,1
021823ac7f57395504b4fcf2df8667f9,2018-01,1
02198c63d3e65ea299d6d8d3c7a11665,2018-04,1
021a4369c52a67fdaa1a923dada92cf2,2017-07,1
021ab4ee1c733fef68ef3ddbb6c4ea7e,2017-05,1
021ac5734c4f62601583998bf0de4e03,2018-05,1
021b5df6105eece2e83def42b2a75a1c,2018-03,1
021ba14f8e7b9e5c46cc91cfdbcfbbd1,2018-02,1
021bca90c906d19b425e192070eb6f68,2017-10,1
021d9099364431e24195152225c8c535,2018-05,1
021dbb48a965542d846e18a6799d37c0,2017-06,1
021f9b70becbc032905f24f7e6c2d7d7,2017-06,1
0220755d57fdf6a1f63f39f51bb5fb90,2018-05,1
0220cae7a876f841ad3924e84b29861a,2017-09,1
022130229ad6d7d853447a4b0979b2dd,2018-03,1
0221e219e9875443d81e933d3d6f8c80,2018-08,1
02220c4df207c6277c269f0b3a05c7cd,2018-01,1
02238d275f51bce58c8e97218621bd91,2018-01,1
02248d5e7ec365ab4fe76975be1449a6,2017-09,1
02251550f4d16aca44ce66e4263c0522,2017-01,1
0225a15f6d472b6aff9f2ea45e9a563f,2018-06,1
022609268add6b353d31185c5ff813c8,2018-08,1
022657d659cf88bcc8c22774f3f0b61a,2018-08,1
02278b7fe04a285092542fa4313cdc31,2017-04,1
0228e299d1cabeaf9be64b5ccd784c97,2017-07,1
0229357c32b8eb6b686af4ed4c90d22f,2018-05,1
022949b07073de5d6173732ea01d6155,2018-03,1
022ac7dfecd0b4f6019415c4a0fe6d03,2018-04,1
022b5f96c507ad0530bb7c5a29d00a7d,2018-01,1
022defe8d96ad7d7e6b2e39a5d83c500,2018-06,1
022e9ef39a8047a24a813f57ad382b94,2017-09,1
022f73728cb75b707e8237867ba3526f,2018-06,1
023196e0c7c9f50e21677e45cc6d539a,2017-11,1
0231f0795b8e38aeb40a26115e75722c,2018-06,1
023269083e9a81d89531aeb436d4a05b,2018-02,1
02333854bb2fa366a65a44ff189a55cb,2017-10,1
023571745d76e09f8bd5477af28f605e,2017-07,1
02359eb55cd801c825452c46c59d416f,2017-12,1
023609b602b585ea3aaffff453cd0edf,2018-05,1
023614eec7dadcb125d4408c1e9634d1,2018-02,1
023626329895d11d199a1bf57dcbc546,2018-07,1
02364b772a6ae741cce9f3c93ea77edc,2018-05,1
0236e0a7664e478c1c5713ed4d51f906,2018-02,1
02379766f7d489377d4a0b5e5a7bd40c,2018-05,1
02379fc0d5e683d41ccde86f75bbfaf4,2018-06,1
023986b2b457eb7ffc5a7669a6dad6fa,2018-06,1
02399dafe5a38655445fb46ec2499071,2018-04,1
023a46a22f869dafae9c900b45b8622d,2017-10,1
023a5f2429a60d00c9c26887b95c6c80,2017-09,1
023a67e0df63273fa1f49cd71fd3eb61,2018-03,1
023c86aec9feb3a43c76311813f04a3e,2017-11,1
023c8fe9cea056407269dfe9bdd57a8c,2017-10,1
023d64edb6716ac1a0a5da6e6277a713,2018-05,1
023d978a84bb97e195d5562279a7b285,2018-03,1
023de84681c997f7bcb218b8e23df233,2018-01,1
023e5eed74131f86d5893680d88d88d7,2018-04,1
023f426e28a212b8328b41649a2b1a05,2018-08,1
0241fa2e9adf0576cb0f845377d05c03,2018-06,1
0241fa2e9adf0576cb0f845377d05c03,2018-07,1
0242712d1c9c34808dfa88c597c7b0f9,2017-11,1
0242e42b2210c764b47e099ddeacd742,2017-07,1
024422409498157526b84fb4cf919ae3,2018-01,1
0245997602d4ec43390590e43dfd39d9,2017-04,1
0245c32b7a8e243d2574af599a186108,2018-04,1
0246128cbe42bad650aca67dea148ecb,2017-04,1
02466bc47e3eaf9117b78765326d41e7,2018-08,1
024676cef113f6c81db6c5b8d29e5ee9,2018-05,1
0246b5fda21cce422b91be62bca9c9ff,2018-07,1
0246e728843e079b72ae99cbfe711acd,2018-04,1
0246f8de7fe5a9cb5e3a3fffa3cf0da4,2017-10,1
024741ae16493ea617e06ecc277c7069,2017-06,1
0247caa552d23ae7ca2e0777b55a4a2f,2018-01,1
0247fad5e7e46592d7216d01e9a2d7f6,2017-02,1
024879685782c26ab2f0365fbea37967,2017-11,1
0248acdec0648791650de14b758df203,2018-01,1
024ab36a6207906cf0d2767466419017,2017-02,1
024ab3d97dd522b7f5173b905628f9fd,2018-04,1
024bc6c3997170f0ca30edba8ba8aa55,2017-09,1
024c132534a98479e42a33027e3ad2e2,2018-05,1
024c233620ca87fef1d3f281e8123142,2018-05,1
024c9fd1cf1c2c614f24a18e5dd1784d,2018-04,1
024cf57b6da1f225b8b130dcd9093af9,2017-05,1
024e448ec8650b88a45e9f6049eec02b,2018-05,1
024e94ea4d09b69b4996d5af7b43c1b4,2018-07,1
024f153bf5ff2f378be3577f3248f283,2017-08,1
024f45263b6a8d9d49b30c4251cfe86c,2017-08,1
0250e6330823590753c1268c9bf15446,2017-07,1
025243a8f6e8e4afd7def031078725bf,2017-11,1
0252e35d8aa0b7b19eb4fb96783bafca,2017-06,1
02552fea6f4fa9a5c61bf9d22408ae73,2017-04,1
0255bf539e958e6f426caa5a0cf79aeb,2018-01,1
0255fc149c1f191319c8c431479e5d8c,2018-07,1
0256a460aa82066254d63d60bc21076e,2017-12,1
0256fe01df094f555379b7d453ba22fc,2017-11,1
02574dbc91dbde4c31f8c4e5ccd4f808,2017-10,1
02578a30eaf25ecf087a3728dc04b85a,2017-08,1
0258ab8ce9fe72c23efb37dd0dcf1307,2017-08,1
0258cd3b5e7c4b397cc09ea472677e73,2018-01,1
025bc857299fac3e5c699322d2a1485d,2017-06,1
025cf7c2f32536f0be1ab412bb6602d2,2018-08,1
025d137104467c3e5c07018d9d0bb6fa,2017-10,1
025d6eda479e8fe58f6f9c334f86712d,2018-08,1
025e14cd691e409911edc1cc255115a7,2017-11,1
025e4cdbeeffdff36f7f289a4b714965,2017-06,1
025ef887ab57255584e60873ea086144,2018-04,1
025fef1b215081d46d39595c7b67c9a5,2017-08,1
02604e6d24c19c9e8c72bb1044bc48e0,2018-01,1
02620ba8f4c9b8583a78fbabcbf155cc,2017-11,1
026369eca788b2b8574bdcd04b003d80,2018-05,1
0263cd21a17b7b8396e582d110c6ad3c,2017-12,1
0264a651d41a6d387cf2f061b5f914d3,2018-02,1
02678f5b6207663512dd9cd96af14f0d,2018-04,1
02682c9a04df6a3e140e2e7eb78fa693,2017-08,1
026888d959225b8c5d57f6f0fdb54470,2017-12,1
026928fd79018e3c6b635da82781eb62,2017-07,1
026af3cfcaac056ac62feb8457cbfaa6,2017-12,1
026bae191fa488af0155ef3eba3d4a79,2017-11,1
026c7e2e8e363c7e734a716f9c70dfc3,2017-05,1
026cc430843b605b4b5515751f4fe5d3,2018-07,1
026d1aaa74457b39204f1ee240db2bc7,2017-10,1
026d6aade0923331c6065e5daa7aafda,2017-03,1
026e135c007282454338db204e44381f,2017-11,1
026fef2c54aa326832f6eb30e9a13398,2018-08,1
02700eac78be35e1cbaab825c2314f4f,2018-03,1
02712c43bfdb769882911ec01879f2b6,2018-04,1
027179319d6e0b4958b300ba6e9e35e6,2018-08,1
02726fb0313c64d554b3a373c3a92f42,2018-02,1
027497dedcbd1792aba7aadf6677d2a4,2018-04,1
0274b33316518523077f46c699109015,2018-04,1
02772b907240626d358384cfc854b6eb,2017-12,1
027803eb28cc01fbdf5da72b109fabee,2017-10,2
027835b35f861ba108518b2c529e308f,2018-02,1
027873e82cba22c40763c9e44a536a38,2018-04,1
0278b3b0c4368280c3a17faa0be4311f,2017-10,1
027975035267b4ec8c9d8ad65c6c4d6f,2018-02,1
02798e1b3a37c163dffad98b3c6de007,2018-07,1
027a37fed88effa55ddc5e961a48575c,2018-02,1
027a8a853eac346c3bf686f95289b761,2017-11,1
027b0a2a0630aa7439875c30b987bf99,2018-01,1
027c480ac01f936d8add76e496bbfebc,2018-07,1
027c8551b090d915b6c779c7e970ffef,2017-04,1
027ca2556afdb5bb0741b214c6380bb2,2017-07,1
027ce05786a9c91b427cf168e82819e0,2017-09,1
027d053c7d8203f3ebb4512da23681fb,2018-02,1
027d5c59887b8a32f409adb105c9cee8,2017-07,1
027dff2201a97b9920d2dd5240f51a02,2018-08,1
027e682a11d8db5a162f01e1b59700cb,2017-07,1
027ef1dce56b52802c3d35cd5beda928,2017-10,1
027f1c8ff06b9e07a71f720fcb918531,2018-04,1
027f4dabd2ab93d782fd604ade3f9f1b,2018-03,1
0280239e6c4add91b8a415d9b2566649,2017-04,1
0280c3bae373e59fd0f564cf9b0188a1,2017-08,1
028296541bfb0fe84ab460804e4c0dce,2017-11,1
0283917cf6822284c4341224ef003fb6,2018-06,1
0283d9c78c980d3ea0fce611bbc8ad5b,2018-03,1
02844e55117602121bb79fe70a59522a,2017-06,1
02848edda6ee321f306660a8399d8cc9,2017-07,1
0284ca4015977edc8413c917b8e68355,2017-02,1
0284fd4ad2eb300b86e3fbb61985dd00,2018-01,1
028610eb2f6daf6bb4c37e1bd2b42210,2017-08,1
02880ecd2c905f0a16fa1ae3d0884b1b,2017-04,1
02889f45776f057efa2323d295406cf2,2017-06,1
028ae0b8c77250d12323b40f2cbb38c7,2017-01,1
028b8434bd4a6277e77f5b327cc1e1b0,2017-12,1
028bb7f0b0813c2df891b680c35b5f63,2017-09,1
028c09f007292c4e3a3b10d296e47987,2018-03,1
028c1f3fd0bcc7a92d6d4190f6c08ff5,2018-01,1
028df9d72fe22595a5da837157f1258b,2017-02,1
028e0685d43827f5ce7882972eeaf6f8,2018-06,1
028f21bc914b92ebd3d90710df2363b0,2017-11,1
02900dde8414f41aa7e3e6394eb08871,2017-11,1
02943af04041ca7713d7ef096d5d7a8a,2018-06,1
02944edc74d278644e63112966608f62,2018-06,1
0294560ad384ad92c9aff267bbbd9406,2018-03,1
0294bdc2d323f7399d6c38690095e94b,2018-04,1
02961f000d03958b88e9cba0cf6253cb,2018-07,1
0296a671e6107db6871fcb8ab6330e48,2018-02,1
0296ddaa154279cc2bd15621e06e6f1f,2018-01,1
029800f459300049c50c59dcc4244e44,2017-09,1
029939dc94df37cac6ac39bb3e55562f,2017-11,1
0299711900aa07c0fe4961eb253431f8,2017-11,1
0299fedc3f190307e87f32483a9ba4fd,2017-04,1
029b457bd01199c39136f89e0eddcd3a,2017-05,1
029b457bd01199c39136f89e0eddcd3a,2018-01,1
029d944cf2f7fc6640e877c5c3612509,2018-06,1
029f24823177b442913b23816ee59e17,2017-08,1
02a0646c59df9bfe155e5afd3317a87b,2018-01,1
02a09961a48dc54166f61f00c8fcd7e5,2017-06,1
02a0e3c6bcfdfcbecbc4268ef3797863,2018-04,1
02a12dc286c290872d5a263fb9af0dfd,2018-07,1
02a2094b273efc30447d706e9fc9fceb,2018-07,1
02a2144d4ae1760a74cedd6b5bfea147,2018-05,1
02a3fc88421c4bb19b14420b7d1b6bd3,2018-01,1
02a6a137ef7fe2414c9e14fc4d060790,2018-04,1
02a7760053385280fc193a50d86f69d1,2018-08,1
02a8100f33055beec4d219c04e7d4318,2018-08,1
02a81ef75e80450061b235f691600dc0,2017-08,1
02a9f0e03fc4867dc04993af70d4a300,2018-06,1
02a9fc337956564657d9fa17d41af27f,2018-03,1
02aa4845dc6ee08624bcc899ad684b33,2017-08,1
02ab167135d5d29cdc77b3147d75c1ef,2017-03,1
02ab4d19fd037fa00ad9892f7d529a8f,2017-06,1
02abda54135beba6c872bc929d06be83,2017-04,1
02ac2bb64dac05fb338809262ff33a49,2017-03,1
02ae5429a2a0c57554a8d4b7ed04b7e2,2017-03,1
02aff8daa5b3527989a29500ff1e8e10,2018-06,1
02b13b8c07bd3209940a10fdbc724545,2017-08,1
02b201bcaa62f2e65294692b30fdaa4f,2018-01,1
02b20b7c813efede140142ac610e36dc,2018-03,2
02b2ee0aa7ac4b3db5463ec3863ff8f7,2018-05,1
02b3bd80b9721b83c5b155ace3feede9,2018-06,1
02b3c998830ee93e9edb49fd91aeae4c,2018-02,1
02b3eb3619fdcba4c5a8e5d9ad6c97f2,2017-08,1
02b6ef845021b8fefe19c8d200f3ee06,2018-04,1
02b741ab4dd2d378208995cbd59d4926,2017-04,1
02b7724060835bd13b499a886cbbcef5,2017-09,1
02b7e451968fd1f2793047ff025d18dc,2017-03,1
02b8634fdb8d9d15ef1e0f74287b13b7,2018-02,1
02b9defff3fd946df37af806a194a49b,2017-11,1
02ba172a1f7657976fc944d9f55aeba4,2017-09,1
02ba7b822bc05258fc0b790a1a54bc36,2018-07,1
02ba802031bd2351ccc570b0d7581592,2017-11,1
